TITLE,DESCRIPTION,PRICE,CURRENCY_CODE,QUANTITY,TAGS,MATERIALS,IMAGE1,IMAGE2,IMAGE3,IMAGE4,IMAGE5,IMAGE6,IMAGE7,IMAGE8,IMAGE9,IMAGE10,"VARIATION 1 TYPE","VARIATION 1 NAME","VARIATION 1 VALUES","VARIATION 2 TYPE","VARIATION 2 NAME","VARIATION 2 VALUES","VARIATION 3 TYPE","VARIATION 3 NAME","VARIATION 3 VALUES",SKU
"Art Deco Hardwood Yahtzee Box - Handmade Dice Set - Custom Engraving, Epoxy Dice Upgrade","This vintage-inspired, art deco Yahtzee set is perfect for travel, game night, the brewery, or anywhere you want to play. Each hardwood box is handmade by me in Wisconsin, USA.

Included in each set:
- Hardwood box with metal hinges and clasp
- Laminated art deco score card (designed and made by me)
- Dry erase marker
- 5 dice (standard mass-produced, or upgrade to beautiful handmade epoxy resin dice, also made by me)
- Natural finish with hand-rubbed danish oil

Size:
Roughly 6.7"" × 5.7"" × 1.5"" (170mm × 150mm × 40mm), although with any handmade product there are slight variations.

Upgrades:
I'm happy to personalize a box for you with text or images for an upcharge. Also keep in mind this will take a bit longer.

If you go for some of my handmade dice, I'll choose some for you. If you mention a particular color scheme you're looking for, I'll do my very best to do that for you. Because each dice set is completely unique, unfortunately I can't guarantee any particular style. But please send me a message if you have something specific in mind and I'm happy to work with you to get the perfect set.

Everything except the marker and hinges is handmade by me with no AI support. Each box is one-of-a-kind and may arrive with small design variations and imperfections. That's what makes it real! 

Thank you SO much for taking a look. I worked really hard on these and went through over a hundred iterations before getting something I felt proud to sell. If you have any comments, questions, or concerns please send me a message and I'll get back to you ASAP.",45,USD,9,"dice_game_handmade,exotic_hardwood,vintage_art_deco,family_bar_brewery,travel_casual_craft,woodwork_boardgame,wood_woodworking,engrave_personalized,gift_holiday,anniversary_wedding,groomsman_bridal,artisan_craft_retro","Wood,Resin",https://i.etsystatic.com/52196219/r/il/809df2/8547969369/il_fullxfull.8547969369_3n3t.jpg,https://i.etsystatic.com/52196219/r/il/d6979c/8500110072/il_fullxfull.8500110072_oxpu.jpg,https://i.etsystatic.com/52196219/r/il/936fee/8233332766/il_fullxfull.8233332766_4j4q.jpg,https://i.etsystatic.com/52196219/r/il/f33962/8500094122/il_fullxfull.8500094122_7dq5.jpg,https://i.etsystatic.com/52196219/r/il/891761/8500094102/il_fullxfull.8500094102_ctoh.jpg,https://i.etsystatic.com/52196219/r/il/d550bc/8547969173/il_fullxfull.8547969173_8zfq.jpg,https://i.etsystatic.com/52196219/r/il/8b4b2b/8500093602/il_fullxfull.8500093602_b04v.jpg,https://i.etsystatic.com/52196219/r/il/b202ab/8281247287/il_fullxfull.8281247287_ek9w.jpg,https://i.etsystatic.com/52196219/r/il/4f0222/8281247291/il_fullxfull.8281247291_66zz.jpg,https://i.etsystatic.com/52196219/r/il/9c3562/8500093414/il_fullxfull.8500093414_g98h.jpg,"Custom Property",Material,"Mahogany,Maple,Walnut","Custom Property","Dice Option","Mass-Produced,Handmade",,,,"yahtzee-walnut,yahtzee-maple,yahtzee-mahogany"
"VAMPYR Handmade Resin TTRPG Dice Set – D&D, Pathfinder","VAMPYR 8-Piece Dice Set
Tabletop Gaming Dice for Dungeons & Dragons (D&D), Pathfinder, Call of Cthulhu, Shadowrun, and more

VAMPYR leans into the dark side... think bats in the night, fog on old stone, and that eerie feeling when something’s watching you from the shadows. Comes with blood red numbers which still look wet...

Some people also think this looks like cookies and cream ice cream, or a cow. Whatever floats your boat 😂 

This set comes with the full lineup:
D4, D6, D8, D10, D12, D20, D100 (percentile die), and a D2 coin.
The D2 can pull double duty as a status effect marker, an enemy token, or just a fun coin flip.

I make these by hand in my shop in Madison, WI. Every set is one-of-a-kind. I design and print my own masters and pour my own silicone molds before creating the dice sets. After pouring the epoxy resin and curing it under pressure, I then sand, polish, and paint each die by hand, so no two ever come out exactly the same.

Perfect for your in-person or digital campaigns, or as a cool gift for someone who appreciates handmade dice.

Thanks for checking out my work!",55,USD,1,"dice_tabletop_gaming,handmade_resin_art,dungeons_and_dragons,pathfinder_cortex,call_of_cthulu,math_rocks,vampire_bats_night,stalker_blood_mist,darkness_midnight,undead_dracula_fang","Epoxy resin",https://i.etsystatic.com/52196219/r/il/324864/6129997233/il_fullxfull.6129997233_1j0n.jpg,https://i.etsystatic.com/52196219/r/il/2b5d7c/6081933312/il_fullxfull.6081933312_fs25.jpg,https://i.etsystatic.com/52196219/r/il/ab50bf/7342237796/il_fullxfull.7342237796_bjef.jpg,,,,,,,,,,,,,,,,,RPG-VAMPYR
"EUREKA Handmade Sharp Edge Dice Set for TTRPGs e.g. Dungeons & Dragons, Pathfinder, Daggerheart, Call of Cthulhu, and More","EUREKA 8-Piece Dice Set

Tabletop Gaming Dice for Dungeons & Dragons (D&D), Pathfinder, Call of Cthulhu, Shadowrun, and more

This set comes with the full lineup:
D4, D6, D8, D10, D12, D20, D100 (percentile die), and a D2 coin.
The D2 can pull double duty as a status effect marker, an enemy token, or just a fun coin flip.

I make these by hand in my shop in Madison, WI. Every set is one of a kind. I design and print my own masters and pour my own silicone molds before creating the dice sets. After pouring the epoxy resin and curing it under pressure, I sand, polish, and paint each die by hand. No two sets ever come out exactly the same.

Perfect for your in-person or digital campaigns, or as a cool gift for someone who appreciates handmade dice.

Thanks for checking out my work!",55,USD,1,"handmade_dice_resin,artisan_dnd_tabletop,ttrpg_pathfinder,cthulhu_gift_unique,set_epoxy_game_night,sharp_edge_balanced,gaming_holiday,polyhedral_rpg,custom_roll_sparkle,shadowheart_fantasy,gamer_collector,dungeons_and_dragons,made_in_usa",Resin,https://i.etsystatic.com/52196219/r/il/2e70e7/8456977785/il_fullxfull.8456977785_7y7y.jpg,https://i.etsystatic.com/52196219/r/il/a12b26/8456977783/il_fullxfull.8456977783_q5rv.jpg,https://i.etsystatic.com/52196219/r/il/90aa11/8409094400/il_fullxfull.8409094400_h9en.jpg,https://i.etsystatic.com/52196219/r/il/b648fe/8456977791/il_fullxfull.8456977791_1gt3.jpg,https://i.etsystatic.com/52196219/r/il/a65abf/8456977777/il_fullxfull.8456977777_hdff.jpg,,,,,,,,,,,,,,,RPG-EUREKA
"GOOSEBUMPS Handmade Sharp Edge Dice Set for TTRPGs e.g. Dungeons & Dragons, Pathfinder, Daggerheart, Call of Cthulhu, and More","GOOSEBUMPS 8-Piece Dice Set

Tabletop Gaming Dice for Dungeons & Dragons (D&D), Pathfinder, Call of Cthulhu, Shadowrun, and more

This set comes with the full lineup:
D4, D6, D8, D10, D12, D20, D100 (percentile die), and a D2 coin.
The D2 can pull double duty as a status effect marker, an enemy token, or just a fun coin flip.

I make these by hand in my shop in Madison, WI. Every set is one of a kind. I design and print my own masters and pour my own silicone molds before creating the dice sets. After pouring the epoxy resin and curing it under pressure, I sand, polish, and paint each die by hand. No two sets ever come out exactly the same.

Perfect for your in-person or digital campaigns, or as a cool gift for someone who appreciates handmade dice.

Thanks for checking out my work!",55,USD,1,"handmade_dice_resin,artisan_dnd_tabletop,ttrpg_pathfinder,cthulhu_gift_unique,set_epoxy_game_night,sharp_edge_balanced,gaming_holiday,polyhedral_rpg,custom_roll_sparkle,shadowheart_fantasy,gamer_collector,dungeons_and_dragons,made_in_usa",Resin,https://i.etsystatic.com/52196219/r/il/7d9786/8405805834/il_fullxfull.8405805834_bb8j.jpg,https://i.etsystatic.com/52196219/r/il/9edb3c/8453691681/il_fullxfull.8453691681_7gl2.jpg,https://i.etsystatic.com/52196219/r/il/936b46/8405805832/il_fullxfull.8405805832_pa2b.jpg,https://i.etsystatic.com/52196219/r/il/a26db9/8405805820/il_fullxfull.8405805820_rrks.jpg,https://i.etsystatic.com/52196219/r/il/b12ada/8453691687/il_fullxfull.8453691687_5212.jpg,,,,,,,,,,,,,,,RPG-GOOSEBUMPS
"HARBINGER Handmade Sharp Edge Dice Set for TTRPGs e.g. Dungeons & Dragons, Pathfinder, Daggerheart, Call of Cthulhu, and More","HARBINGER 8-Piece Dice Set

Tabletop Gaming Dice for Dungeons & Dragons (D&D), Pathfinder, Call of Cthulhu, Shadowrun, and more

This set comes with the full lineup:
D4, D6, D8, D10, D12, D20, D100 (percentile die), and a D2 coin.
The D2 can pull double duty as a status effect marker, an enemy token, or just a fun coin flip.

I make these by hand in my shop in Madison, WI. Every set is one of a kind. I design and print my own masters and pour my own silicone molds before creating the dice sets. After pouring the epoxy resin and curing it under pressure, I sand, polish, and paint each die by hand. No two sets ever come out exactly the same.

Perfect for your in-person or digital campaigns, or as a cool gift for someone who appreciates handmade dice.

Thanks for checking out my work!",55,USD,1,"handmade_dice_resin,artisan_dnd_tabletop,ttrpg_pathfinder,cthulhu_gift_unique,set_epoxy_game_night,sharp_edge_balanced,gaming_holiday,polyhedral_rpg,custom_roll_sparkle,shadowheart_fantasy,gamer_collector,dungeons_and_dragons,made_in_usa",Resin,https://i.etsystatic.com/52196219/r/il/b07c18/8405799260/il_fullxfull.8405799260_a0q1.jpg,https://i.etsystatic.com/52196219/r/il/234f6d/8453685073/il_fullxfull.8453685073_e79c.jpg,https://i.etsystatic.com/52196219/r/il/7ac6b5/8405799252/il_fullxfull.8405799252_2ck6.jpg,https://i.etsystatic.com/52196219/r/il/021688/8453685087/il_fullxfull.8453685087_9slr.jpg,https://i.etsystatic.com/52196219/r/il/64d731/8405799258/il_fullxfull.8405799258_qjld.jpg,,,,,,,,,,,,,,,RPG-HARBINGER
"BUBBLEGUM SODA Handmade Dice – 8 Piece Sharp Edge Set for Dungeons and Dragons (D&D), Pathfinder, TTRPGs","BUBBLEGUM SODA 8-Piece Dice Set

Tabletop Gaming Dice for Dungeons & Dragons (D&D), Pathfinder, Call of Cthulhu, Shadowrun, and more

This set comes with the full lineup:
D4, D6, D8, D10, D12, D20, D100 (percentile die), and a D2 coin.
The D2 can pull double duty as a status effect marker, an enemy token, or just a fun coin flip.

I make these by hand in my shop in Madison, WI. Every set is one of a kind. I design and print my own masters and pour my own silicone molds before creating the dice sets. After pouring the epoxy resin and curing it under pressure, I sand, polish, and paint each die by hand. No two ever come out exactly the same.

Perfect for your in-person or digital campaigns, or as a cool gift for someone who appreciates handmade dice.

Thanks for checking out my work, and have fun!",55,USD,1,"handmade_dice_resin,artisan_dnd_tabletop,ttrpg_pathfinder,cthulhu_gift_unique,set_epoxy_game_night,sharp_edge_balanced,gaming_holiday,polyhedral_rpg,custom_roll_sparkle,shadowheart_fantasy,gamer_collector,bubblegum_soda_fairy,jigglypuff",Resin,https://i.etsystatic.com/52196219/r/il/8acd94/7479751373/il_fullxfull.7479751373_bodt.jpg,,,,,,,,,,,,,,,,,,,RPG-BUBBLEGUM
"AWAKENED Handmade Dice – 8 Piece Sharp Edge Set for Dungeons and Dragons (D&D), Pathfinder, TTRPGs","AWAKENED 8-Piece Dice Set

Tabletop Gaming Dice for Dungeons & Dragons (D&D), Pathfinder, Call of Cthulhu, Shadowrun, and more

This set comes with the full lineup:
D4, D6, D8, D10, D12, D20, D100 (percentile die), and a D2 coin.
The D2 can pull double duty as a status effect marker, an enemy token, or just a fun coin flip.

I make these by hand in my shop in Madison, WI. Every set is one of a kind. I design and print my own masters and pour my own silicone molds before creating the dice sets. After pouring the epoxy resin and curing it under pressure, I sand, polish, and paint each die by hand. No two ever come out exactly the same.

Perfect for your in-person or digital campaigns, or as a cool gift for someone who appreciates handmade dice.

Thanks for checking out my work, and have fun!",55,USD,1,"handmade_dice_resin,artisan_dnd_tabletop,ttrpg_pathfinder,cthulhu_gift_unique,set_epoxy_game_night,sharp_edge_balanced,gaming_holiday,polyhedral_rpg,custom_roll_sparkle,shadowheart_fantasy,gamer_collector",Resin,https://i.etsystatic.com/52196219/r/il/e03b98/7431778412/il_fullxfull.7431778412_4cdq.jpg,,,,,,,,,,,,,,,,,,,RPG-AWAKENED
"BIOHAZARD Handmade Dice – 8 Piece Sharp Edge Set for Dungeons and Dragons (D&D), Pathfinder, TTRPGs","☣️Biohazard 8-Piece Dice Set

Tabletop Gaming Dice for Dungeons & Dragons (D&D), Pathfinder, Call of Cthulhu, Shadowrun, and more

Don't get any in your eyes!

This set comes with the full lineup:
D4, D6, D8, D10, D12, D20, D100 (percentile die), and a D2 coin.
The D2 can pull double duty as a status effect marker, an enemy token, or just a fun coin flip.

I make these by hand in my shop in Madison, WI. Every set is one of a kind. I design and print my own masters and pour my own silicone molds before creating the dice sets. After pouring the epoxy resin and curing it under pressure, I sand, polish, and paint each die by hand. No two ever come out exactly the same.

Perfect for your in-person or digital campaigns, or as a cool gift for someone who appreciates handmade dice.

Thanks for checking out my work, and have fun!",55,USD,1,"handmade_dice_resin,artisan_dnd_tabletop,ttrpg_pathfinder,cthulhu_gift_unique,set_epoxy_game_night,sharp_edge_balanced,gaming_holiday,polyhedral_rpg,custom_roll_sparkle,shadowheart_fantasy,gamer_collector",Resin,https://i.etsystatic.com/52196219/r/il/c35394/7430770928/il_fullxfull.7430770928_n4yi.jpg,https://i.etsystatic.com/52196219/r/il/f0b3a9/7430770932/il_fullxfull.7430770932_nhmw.jpg,https://i.etsystatic.com/52196219/r/il/471f40/7430770934/il_fullxfull.7430770934_4e7g.jpg,https://i.etsystatic.com/52196219/r/il/8aa910/7430770922/il_fullxfull.7430770922_js5s.jpg,,,,,,,,,,,,,,,,RPG-BIOHAZARD
"MYSTIC Handmade Dice – 8 Piece Sharp Edge Set for Dungeons and Dragons (D&D), Pathfinder, TTRPGs","MYSTIC 8-Piece Dice Set

Tabletop Gaming Dice for Dungeons & Dragons (D&D), Pathfinder, Call of Cthulhu, Shadowrun, and more

This set comes with the full lineup:
D4, D6, D8, D10, D12, D20, D100 (percentile die), and a D2 coin.
The D2 can pull double duty as a status effect marker, an enemy token, or just a fun coin flip.

I make these by hand in my shop in Madison, WI. Every set is one of a kind. I design and print my own masters and pour my own silicone molds before creating the dice sets. After pouring the epoxy resin and curing it under pressure, I sand, polish, and paint each die by hand. No two ever come out exactly the same.

Perfect for your in-person or digital campaigns, or as a cool gift for someone who appreciates handmade dice.

Thanks for checking out my work, and have fun!",55,USD,1,"handmade_dice_resin,artisan_dnd_tabletop,ttrpg_pathfinder,cthulhu_gift_unique,set_epoxy_game_night,sharp_edge_balanced,gaming_holiday,polyhedral_rpg,custom_roll_sparkle,shadowheart_fantasy,gamer_collector,mystic_mystical,crystal_ball",Resin,https://i.etsystatic.com/52196219/r/il/86391a/7430807070/il_fullxfull.7430807070_b68n.jpg,https://i.etsystatic.com/52196219/r/il/ac4cda/7430807074/il_fullxfull.7430807074_8418.jpg,https://i.etsystatic.com/52196219/r/il/c29722/7430807068/il_fullxfull.7430807068_qds8.jpg,,,,,,,,,,,,,,,,,RPG-MYSTIC
"THJAZI Handmade Sharp Edge Dice Set for TTRPGs e.g. Dungeons & Dragons, Pathfinder, Daggerheart, Call of Cthulhu, and More","THJAZI 8-Piece Dice Set

Tabletop Gaming Dice for Dungeons & Dragons (D&D), Pathfinder, Call of Cthulhu, Shadowrun, and more

This set comes with the full lineup:
D4, D6, D8, D10, D12, D20, D100 (percentile die), and a D2 coin.
The D2 can pull double duty as a status effect marker, an enemy token, or just a fun coin flip.

I make these by hand in my shop in Madison, WI. Every set is one of a kind. I design and print my own masters and pour my own silicone molds before creating the dice sets. After pouring the epoxy resin and curing it under pressure, I sand, polish, and paint each die by hand. No two sets ever come out exactly the same.

Perfect for your in-person or digital campaigns, or as a cool gift for someone who appreciates handmade dice.

Thanks for checking out my work!",55,USD,1,"handmade_dice_resin,artisan_dnd_tabletop,ttrpg_pathfinder,cthulhu_gift_unique,set_epoxy_game_night,sharp_edge_balanced,gaming_holiday,polyhedral_rpg,custom_roll_sparkle,shadowheart_fantasy,gamer_collector,dungeons_and_dragons,made_in_usa",Resin,https://i.etsystatic.com/52196219/r/il/c650ed/8171942208/il_fullxfull.8171942208_rx3c.jpg,https://i.etsystatic.com/52196219/r/il/72247c/8171942206/il_fullxfull.8171942206_mjta.jpg,,,,,,,,,,,,,,,,,,RPG-THJAZI
"TULZCHA Handmade Sharp Edge Dice Set for TTRPGs e.g. Dungeons & Dragons, Pathfinder, Daggerheart, Call of Cthulhu, and More","TULZCHA 8-Piece Dice Set

Tabletop Gaming Dice for Dungeons & Dragons (D&D), Pathfinder, Call of Cthulhu, Shadowrun, and more

This is one of the Cthulhu themed sets I've made. In the Cthulhu Mythos, Tulzcha is an Outer God also known as The Green Flame.

This set comes with the full lineup:
D4, D6, D8, D10, D12, D20, D100 (percentile die), and a D2 coin.
The D2 can pull double duty as a status effect marker, an enemy token, or just a fun coin flip.

I make these by hand in my shop in Madison, WI. Every set is one of a kind. I design and print my own masters and pour my own silicone molds before creating the dice sets. After pouring the epoxy resin and curing it under pressure, I sand, polish, and paint each die by hand. No two sets ever come out exactly the same.

Perfect for your in-person or digital campaigns, or as a cool gift for someone who appreciates handmade dice.

Thanks for checking out my work!",55,USD,1,"handmade_dice_resin,artisan_dnd_tabletop,ttrpg_pathfinder,cthulhu_gift_unique,set_epoxy_game_night,sharp_edge_balanced,gaming_holiday,polyhedral_rpg,custom_roll_sparkle,shadowheart_fantasy,gamer_collector,dungeons_and_dragons,made_in_usa",Resin,https://i.etsystatic.com/52196219/r/il/d5cdb8/8171936726/il_fullxfull.8171936726_ko3e.jpg,https://i.etsystatic.com/52196219/r/il/e1cc93/8219866415/il_fullxfull.8219866415_65of.jpg,https://i.etsystatic.com/52196219/r/il/9718fd/8171936730/il_fullxfull.8171936730_7p8g.jpg,https://i.etsystatic.com/52196219/r/il/1ec976/8171936728/il_fullxfull.8171936728_a3ic.jpg,,,,,,,,,,,,,,,,RPG-TULZCHA
"TOURMALINE Handmade Sharp Edge Dice Set for TTRPGs e.g. Dungeons & Dragons, Pathfinder, Daggerheart, Call of Cthulhu, and More","TOURMALINE 8-Piece Dice Set

Tabletop Gaming Dice for Dungeons & Dragons (D&D), Pathfinder, Call of Cthulhu, Shadowrun, and more

This set comes with the full lineup:
D4, D6, D8, D10, D12, D20, D100 (percentile die), and a D2 coin.
The D2 can pull double duty as a status effect marker, an enemy token, or just a fun coin flip.

I make these by hand in my shop in Madison, WI. Every set is one of a kind. I design and print my own masters and pour my own silicone molds before creating the dice sets. After pouring the epoxy resin and curing it under pressure, I sand, polish, and paint each die by hand. No two sets ever come out exactly the same.

Perfect for your in-person or digital campaigns, or as a cool gift for someone who appreciates handmade dice.

Thanks for checking out my work!",55,USD,1,"handmade_dice_resin,artisan_dnd_tabletop,ttrpg_pathfinder,cthulhu_gift_unique,set_epoxy_game_night,sharp_edge_balanced,gaming_holiday,polyhedral_rpg,custom_roll_sparkle,shadowheart_fantasy,gamer_collector,dungeons_and_dragons,made_in_usa",Resin,https://i.etsystatic.com/52196219/r/il/7c6546/8219813305/il_fullxfull.8219813305_crki.jpg,https://i.etsystatic.com/52196219/r/il/4156fb/8171883136/il_fullxfull.8171883136_kd0e.jpg,https://i.etsystatic.com/52196219/r/il/6b8955/8171883138/il_fullxfull.8171883138_rh94.jpg,,,,,,,,,,,,,,,,,RPG-TOURMALINE
"FAIRIE FIRE Handmade Sharp Edge Dice Set for TTRPGs e.g. Dungeons & Dragons, Pathfinder, Daggerheart, Call of Cthulhu, and More","FAIRIE FIRE 8-Piece Dice Set

Tabletop Gaming Dice for Dungeons & Dragons (D&D), Pathfinder, Call of Cthulhu, Shadowrun, and more

This set comes with the full lineup:
D4, D6, D8, D10, D12, D20, D100 (percentile die), and a D2 coin.
The D2 can pull double duty as a status effect marker, an enemy token, or just a fun coin flip.

I make these by hand in my shop in Madison, WI. Every set is one of a kind. I design and print my own masters and pour my own silicone molds before creating the dice sets. After pouring the epoxy resin and curing it under pressure, I sand, polish, and paint each die by hand. No two sets ever come out exactly the same.

Perfect for your in-person or digital campaigns, or as a cool gift for someone who appreciates handmade dice.

Thanks for checking out my work!",55,USD,1,"handmade_dice_resin,artisan_dnd_tabletop,ttrpg_pathfinder,cthulhu_gift_unique,set_epoxy_game_night,sharp_edge_balanced,gaming_holiday,polyhedral_rpg,custom_roll_sparkle,shadowheart_fantasy,gamer_collector,dungeons_and_dragons,made_in_usa",Resin,https://i.etsystatic.com/52196219/r/il/375a80/8171866512/il_fullxfull.8171866512_hlcr.jpg,https://i.etsystatic.com/52196219/r/il/d630d7/8171866524/il_fullxfull.8171866524_b48l.jpg,https://i.etsystatic.com/52196219/r/il/789892/8219796605/il_fullxfull.8219796605_o3aw.jpg,https://i.etsystatic.com/52196219/r/il/682a06/8219796603/il_fullxfull.8219796603_27ua.jpg,https://i.etsystatic.com/52196219/r/il/e33db5/8171866516/il_fullxfull.8171866516_etto.jpg,https://i.etsystatic.com/52196219/r/il/dbe3aa/8219796611/il_fullxfull.8219796611_3e62.jpg,https://i.etsystatic.com/52196219/r/il/dd7b57/8171866514/il_fullxfull.8171866514_qb2m.jpg,,,,,,,,,,,,,RPG-FAIRIE-FIRE
"APPLEBANE Handmade Sharp Edge Dice Set for TTRPGs e.g. Dungeons & Dragons, Pathfinder, Daggerheart, Call of Cthulhu, and More","APPLEBANE 8-Piece Dice Set

Tabletop Gaming Dice for Dungeons & Dragons (D&D), Pathfinder, Call of Cthulhu, Shadowrun, and more

I swear I made up the name ""applebane"" because of the red and green in the dice but it turns out there's a canonical weapon from Icewind Dale named Applebane. Still works!

This set comes with the full lineup:
D4, D6, D8, D10, D12, D20, D100 (percentile die), and a D2 coin.
The D2 can pull double duty as a status effect marker, an enemy token, or just a fun coin flip.

I make these by hand in my shop in Madison, WI. Every set is one of a kind. I design and print my own masters and pour my own silicone molds before creating the dice sets. After pouring the epoxy resin and curing it under pressure, I sand, polish, and paint each die by hand. No two sets ever come out exactly the same.

Perfect for your in-person or digital campaigns, or as a cool gift for someone who appreciates handmade dice.

Thanks for checking out my work!",55,USD,1,"handmade_dice_resin,artisan_dnd_tabletop,ttrpg_pathfinder,cthulhu_gift_unique,set_epoxy_game_night,sharp_edge_balanced,gaming_holiday,polyhedral_rpg,custom_roll_sparkle,shadowheart_fantasy,gamer_collector,dungeons_and_dragons,made_in_usa",Resin,https://i.etsystatic.com/52196219/r/il/db0adf/8219763185/il_fullxfull.8219763185_cfnn.jpg,https://i.etsystatic.com/52196219/r/il/f03914/8171833840/il_fullxfull.8171833840_8h2f.jpg,https://i.etsystatic.com/52196219/r/il/fd1b15/8219763205/il_fullxfull.8219763205_3ul3.jpg,https://i.etsystatic.com/52196219/r/il/6c143f/8171833852/il_fullxfull.8171833852_n7my.jpg,,,,,,,,,,,,,,,,RPG-APPLEBANE
"EMERALD Handmade Dice – 8 Piece Sharp Edge Set for Dungeons and Dragons (D&D), Pathfinder, TTRPGs","EMERALD 8-Piece Dice Set

Tabletop Gaming Dice for Dungeons & Dragons (D&D), Pathfinder, Call of Cthulhu, Shadowrun, and more

This set comes with the full lineup:
D4, D6, D8, D10, D12, D20, D100 (percentile die), and a D2 coin.
The D2 can pull double duty as a status effect marker, an enemy token, or just a fun coin flip.

I make these by hand in my shop in Madison, WI. Every set is one of a kind. I design and print my own masters and pour my own silicone molds before creating the dice sets. After pouring the epoxy resin and curing it under pressure, I sand, polish, and paint each die by hand. No two ever come out exactly the same.

Perfect for your in-person or digital campaigns, or as a cool gift for someone who appreciates handmade dice.

Thanks for checking out my work!",55,USD,1,"handmade_dice_resin,artisan_dnd_tabletop,ttrpg_pathfinder,cthulhu_gift_unique,set_epoxy_game_night,sharp_edge_balanced,gaming_holiday,polyhedral_rpg,custom_roll_sparkle,shadowheart_fantasy,gamer_collector,gem_stone_gemstone",Resin,https://i.etsystatic.com/52196219/r/il/d8e68d/7873839893/il_fullxfull.7873839893_flpd.jpg,,,,,,,,,,,,,,,,,,,RPG-EMERALD
"SACRED FLAME Handmade Dice – 8 Piece Sharp Edge Set for Dungeons and Dragons (D&D), Pathfinder, TTRPGs","SACRED FLAME 8-Piece Dice Set

Tabletop Gaming Dice for Dungeons & Dragons (D&D), Pathfinder, Call of Cthulhu, Shadowrun, and more

The pictures don't really do these justice. These dice have an inner, radiant luminosity that's really beautiful and special. 

This set comes with the full lineup:
D4, D6, D8, D10, D12, D20, D100 (percentile die), and a D2 coin.
The D2 can pull double duty as a status effect marker, an enemy token, or just a fun coin flip.

I make these by hand in my shop in Madison, WI. Every set is one of a kind. I design and print my own masters and pour my own silicone molds before creating the dice sets. After pouring the epoxy resin and curing it under pressure, I sand, polish, and paint each die by hand. No two ever come out exactly the same.

Perfect for your in-person or digital campaigns, or as a cool gift for someone who appreciates handmade dice.

Thanks for checking out my work!",55,USD,1,"handmade_dice_resin,artisan_dnd_tabletop,ttrpg_pathfinder,cthulhu_gift_unique,set_epoxy_game_night,sharp_edge_balanced,gaming_holiday,polyhedral_rpg,custom_roll_sparkle,shadowheart_fantasy,gamer_collector",Resin,https://i.etsystatic.com/52196219/r/il/15b630/7799643502/il_fullxfull.7799643502_prmh.jpg,https://i.etsystatic.com/52196219/r/il/e5dbe5/7799643504/il_fullxfull.7799643504_30ka.jpg,https://i.etsystatic.com/52196219/r/il/0b3dd0/7847581721/il_fullxfull.7847581721_dw87.jpg,https://i.etsystatic.com/52196219/r/il/9b078c/7847581729/il_fullxfull.7847581729_emeo.jpg,https://i.etsystatic.com/52196219/r/il/6c4038/7847581689/il_fullxfull.7847581689_jhxj.jpg,https://i.etsystatic.com/52196219/r/il/81ca71/7847581693/il_fullxfull.7847581693_qepg.jpg,,,,,,,,,,,,,,RPG-SACRED-FLAME
"SNAKESKIN Handmade Resin Dice Set – Green Yellow Black Dice – 8 Piece Dice Set for Dungeons and Dragons (D&D), Pathfinder, and TTRPGs","🐍 SNAKESKIN 8-Piece Dice Set

Tabletop Gaming Dice for Dungeons & Dragons (D&D), Pathfinder, Call of Cthulhu, Shadowrun, and more

SNAKESKIN has a venomous kind of charm: a mix of greenish yellow resin mottled with black, with bright iridescent yellow numbers that catch the light like reptile scales.

This set comes with the full lineup:
D4, D6, D8, D10, D12, D20, D100 (percentile die), and a D2 coin.
The D2 can pull double duty as a status effect marker, an enemy token, or just a fun coin flip.

I make these by hand in my shop in Madison, WI. Every set is one of a kind. I design and print my own masters and pour my own silicone molds before creating the dice sets. After pouring the epoxy resin and curing it under pressure, I sand, polish, and paint each die by hand. No two ever come out exactly the same.

Perfect for your in-person or digital campaigns, or as a cool gift for someone who appreciates handmade dice.

Thanks for checking out my work, and have fun!",55,USD,1,"handmade_dice_resin,artisan_dnd_tabletop,ttrpg_pathfinder,cthulhu_gift_unique,set_epoxy_game_night,sharp_edge_balanced,gaming_holiday,polyhedral_rpg,custom_roll_sparkle,snakeskin_yellow,iridescent_green,shadowheart_fantasy,gamer_collector",Resin,https://i.etsystatic.com/52196219/r/il/967927/7344043358/il_fullxfull.7344043358_hyw9.jpg,https://i.etsystatic.com/52196219/r/il/2fdc79/7344049706/il_fullxfull.7344049706_3pr1.jpg,,,,,,,,,,,,,,,,,,RPG-SNAKESKIN
"GARDEN QUARTZ Handmade Dice – 8 Piece Sharp Edge Set for Dungeons and Dragons (D&D), Pathfinder, TTRPGs","GARDEN QUARTZ 8-Piece Dice Set

Tabletop Gaming Dice for Dungeons & Dragons (D&D), Pathfinder, Call of Cthulhu, Shadowrun, and more

Not actually made from real garden quartz, just infused with its spirit. 

This set comes with the full lineup:
D4, D6, D8, D10, D12, D20, D100 (percentile die), and a D2 coin.
The D2 can pull double duty as a status effect marker, an enemy token, or just a fun coin flip.

I make these by hand in my shop in Madison, WI. Every set is one of a kind. I design and print my own masters and pour my own silicone molds before creating the dice sets. After pouring the epoxy resin and curing it under pressure, I sand, polish, and paint each die by hand. No two ever come out exactly the same.

Perfect for your in-person or digital campaigns, or as a cool gift for someone who appreciates handmade dice.

Thanks for checking out my work!",55,USD,1,"handmade_dice_resin,artisan_dnd_tabletop,ttrpg_pathfinder,cthulhu_gift_unique,set_epoxy_game_night,sharp_edge_balanced,gaming_holiday,polyhedral_rpg,custom_roll_sparkle,shadowheart_fantasy,gamer_collector,garden_quartz_stone,mineral_Babylon",Resin,https://i.etsystatic.com/52196219/r/il/0487e8/7825847774/il_fullxfull.7825847774_ckh7.jpg,https://i.etsystatic.com/52196219/r/il/f6b2dc/7825847766/il_fullxfull.7825847766_hyxk.jpg,https://i.etsystatic.com/52196219/r/il/00d1b9/7825847776/il_fullxfull.7825847776_8d81.jpg,https://i.etsystatic.com/52196219/r/il/9218c2/7825847772/il_fullxfull.7825847772_6ky9.jpg,https://i.etsystatic.com/52196219/r/il/735a5b/7873797341/il_fullxfull.7873797341_lyx5.jpg,,,,,,,,,,,,,,,RPG-GARDEN-QUARTZ
"JAVA Handmade Resin Dice Set – Brown, White Coffee Swirl Dice – 8 Piece Dice Set for Dungeons and Dragons (D&D), Pathfinder, and TTRPGs","☕️ JAVA 8-Piece Dice Set

Tabletop Gaming Dice for Dungeons & Dragons (D&D), Pathfinder, Call of Cthulhu, Shadowrun, and more

JAVA aka The Potion of Awakening is inspired by that perfect cup of coffee first thing in the morning: rich, deep brown sparkles with soft swirls of creamy white. 

This set comes with the full lineup:
D4, D6, D8, D10, D12, D20, D100 (percentile die), and a D2 coin.
The D2 can pull double duty as a status effect marker, an enemy token, or just a fun coin flip.

I make these by hand in my shop in Madison, WI. Every set is one of a kind. I design and print my own masters and pour my own silicone molds before creating the dice sets. After pouring the epoxy resin and curing it under pressure, I sand, polish, and paint each die by hand. No two ever come out exactly the same.

Perfect for your in-person or digital campaigns, or as a cool gift for someone who appreciates handmade dice.

Thanks for checking out my work, and have fun!",55,USD,1,"handmade_dice_resin,coffee_brown_swirl,artisan_dnd_tabletop,ttrpg_pathfinder,cthulhu_gift_unique,set_epoxy_game_night,sharp_edge_balanced,white_marbled_gamer,gaming_holiday,polyhedral_rpg,custom_roll_sparkle,shadowheart",Resin,https://i.etsystatic.com/52196219/r/il/611c28/7342274722/il_fullxfull.7342274722_t94x.jpg,https://i.etsystatic.com/52196219/r/il/d0bd63/7342274724/il_fullxfull.7342274724_kzk6.jpg,,,,,,,,,,,,,,,,,,RPG-JAVA
"NUGGIES Handmade Dice – 8 Piece Sharp Edge Set for Dungeons and Dragons (D&D), Pathfinder, TTRPGs","NUGGIES 8-Piece Dice Set

Tabletop Gaming Dice for Dungeons & Dragons (D&D), Pathfinder, Call of Cthulhu, Shadowrun, and more

I used to be team honey mustard, but these days I like some good ole' ketchup for my dipping sauce. So I drizzled some on these deep fried delights. I'm happy to argue with you about dipping sauce supremacy.

This set comes with the full lineup:
D4, D6, D8, D10, D12, D20, D100 (percentile die), and a D2 coin.
The D2 can pull double duty as a status effect marker, an enemy token, or just a fun coin flip.

I make these by hand in my shop in Madison, WI. Every set is one of a kind. I design and print my own masters and pour my own silicone molds before creating the dice sets. After pouring the epoxy resin and curing it under pressure, I sand, polish, and paint each die by hand. No two ever come out exactly the same.

Perfect for your in-person or online campaigns, or as a cool gift for someone who appreciates handmade dice.

Thanks for checking out my work, cheers!",55,USD,1,"handmade_dice_resin,artisan_dnd_tabletop,ttrpg_pathfinder,cthulhu_gift_unique,set_epoxy_game_night,sharp_edge_balanced,gaming_holiday,polyhedral_rpg,custom_roll_sparkle,shadowheart_fantasy,gamer_collector,chicken_nugget",Resin,https://i.etsystatic.com/52196219/r/il/35febd/7711353399/il_fullxfull.7711353399_f6xb.jpg,,,,,,,,,,,,,,,,,,,RPG-NUGGIES
"WILD MAGIC Handmade Dice – 8 Piece Sharp Edge Set for Dungeons and Dragons (D&D), Pathfinder, TTRPGs","WILD MAGIC 8-Piece Dice Set

Tabletop Gaming Dice for Dungeons & Dragons (D&D), Pathfinder, Call of Cthulhu, Shadowrun, and more

My favorite character I ever played was a failed children's party magician named Van Dorkus who was a wild magic sorcerer and had no idea what he was doing. He was about to fall in battle  but had a wild magic surge, and a unicorn popped out of his magician's tophat and speared the demon through the chest and into a pit. Good times.

This set comes with the full lineup:
D4, D6, D8, D10, D12, D20, D100 (percentile die), and a D2 coin.
The D2 can pull double duty as a status effect marker, an enemy token, or just a fun coin flip.

I make these by hand in my shop in Madison, WI. Every set is one of a kind. I design and print my own masters and pour my own silicone molds before creating the dice sets. After pouring the epoxy resin and curing it under pressure, I sand, polish, and paint each die by hand. No two ever come out exactly the same.

Perfect for your in-person or digital campaigns, or as a cool gift for someone who appreciates handmade dice.

Thanks for checking out my work, and have fun!",55,USD,1,"handmade_dice_resin,artisan_dnd_tabletop,ttrpg_pathfinder,cthulhu_gift_unique,set_epoxy_game_night,sharp_edge_balanced,gaming_holiday,polyhedral_rpg,custom_roll_sparkle,shadowheart_fantasy,gamer_collector,wild_magic_sorcerer",Resin,https://i.etsystatic.com/52196219/r/il/c4a580/7711357925/il_fullxfull.7711357925_ylzw.jpg,https://i.etsystatic.com/52196219/r/il/ac1569/7711357929/il_fullxfull.7711357929_8wlq.jpg,https://i.etsystatic.com/52196219/r/il/71554a/7711357917/il_fullxfull.7711357917_h0p2.jpg,https://i.etsystatic.com/52196219/r/il/04d382/7663402050/il_fullxfull.7663402050_re82.jpg,https://i.etsystatic.com/52196219/r/il/8c79e8/7711357921/il_fullxfull.7711357921_37e5.jpg,https://i.etsystatic.com/52196219/r/il/7a1522/7711357919/il_fullxfull.7711357919_e1hr.jpg,https://i.etsystatic.com/52196219/r/il/b058b5/7711357931/il_fullxfull.7711357931_9v33.jpg,https://i.etsystatic.com/52196219/r/il/b79906/7663402054/il_fullxfull.7663402054_btz2.jpg,https://i.etsystatic.com/52196219/r/il/65de74/7711357933/il_fullxfull.7711357933_kdzu.jpg,https://i.etsystatic.com/52196219/r/il/852188/7663402058/il_fullxfull.7663402058_18sn.jpg,,,,,,,,,,RPG-WILD-MAGIC
